feature_name,dtype,missing_percentage,unique_values,used_for_training,reason_if_excluded
city,object,0.0,3,True,
latitude,float64,0.0,3,False,raw_identifier
longitude,float64,0.0,3,False,raw_identifier
temperature_2m,float64,0.0,444,True,
relative_humidity_2m,float64,0.0,96,True,
dew_point_2m,float64,0.0,426,True,
apparent_temperature,float64,0.0,487,True,
precipitation,float64,0.0,150,True,
rain,float64,0.0,150,False,duplicate_of:precipitation
surface_pressure,float64,0.0,882,True,
cloud_cover,int64,0.0,101,True,
wind_speed_10m,float64,0.0,421,True,
wind_direction_10m,int64,0.0,360,True,
wind_gusts_10m,float64,0.0,188,True,
pm10,float64,0.20394289598912305,1345,True,
pm2_5,float64,0.20394289598912305,1151,True,
carbon_monoxide,float64,0.20394289598912305,5337,True,
nitrogen_dioxide,float64,0.20394289598912305,1940,True,
sulphur_dioxide,float64,0.20394289598912305,1005,True,
ozone,float64,0.20394289598912305,417,True,
us_aqi,float64,0.27758894176297305,358,True,
hour,int32,0.0,24,True,
day,int32,0.0,31,True,
day_of_week,int32,0.0,7,True,
day_of_month,int32,0.0,31,False,duplicate_of:day
day_of_year,int32,0.0,366,True,
week_of_year,int16,0.0,52,True,
month,int32,0.0,12,True,
quarter,int32,0.0,4,True,
year,int32,0.0,5,True,
is_weekend,int8,0.0,2,True,
season,int8,0.0,4,True,
hour_sin,float64,0.0,21,True,
hour_cos,float64,0.0,22,True,
day_of_week_sin,float64,0.0,7,True,
day_of_week_cos,float64,0.0,7,True,
month_sin,float64,0.0,11,True,
month_cos,float64,0.0,11,True,
day_of_year_sin,float64,0.0,366,True,
day_of_year_cos,float64,0.0,366,True,
aqi_lag_1h,float64,0.2804214819850442,358,True,
aqi_lag_2h,float64,0.2832540222071153,358,True,
aqi_lag_3h,float64,0.2860865624291865,358,True,
aqi_lag_4h,float64,0.28891910265125764,358,True,
aqi_lag_6h,float64,0.29458418309539997,358,True,
aqi_lag_8h,float64,0.3002492635395423,358,True,
aqi_lag_12h,float64,0.3115794244278269,358,True,
aqi_lag_18h,float64,0.3285746657602538,358,True,
aqi_lag_24h,float64,0.3455699070926807,358,True,
aqi_lag_36h,float64,0.37956038975753453,358,True,
aqi_lag_48h,float64,0.4135508724223884,358,True,
aqi_lag_72h,float64,0.48153183775209607,358,True,
aqi_lag_168h,float64,0.7534556990709268,358,True,
pm25_lag_1h,float64,0.2067754362111942,1151,True,
pm25_lag_3h,float64,0.2124405166553365,1151,True,
pm25_lag_6h,float64,0.22093813732154996,1151,True,
pm25_lag_12h,float64,0.2379333786539769,1151,True,
pm25_lag_24h,float64,0.27192386131883073,1151,True,
pm25_lag_48h,float64,0.3399048266485384,1151,True,
pm25_lag_72h,float64,0.4078857919782461,1151,True,
pm10_lag_1h,float64,0.2067754362111942,1345,True,
pm10_lag_3h,float64,0.2124405166553365,1345,True,
pm10_lag_6h,float64,0.22093813732154996,1345,True,
pm10_lag_12h,float64,0.2379333786539769,1345,True,
pm10_lag_24h,float64,0.27192386131883073,1345,True,
pm10_lag_48h,float64,0.3399048266485384,1345,True,
pm10_lag_72h,float64,0.4078857919782461,1345,True,
co_lag_1h,float64,0.2067754362111942,5337,True,
co_lag_3h,float64,0.2124405166553365,5337,True,
co_lag_6h,float64,0.22093813732154996,5337,True,
co_lag_12h,float64,0.2379333786539769,5337,True,
co_lag_24h,float64,0.27192386131883073,5337,True,
co_lag_48h,float64,0.3399048266485384,5337,True,
co_lag_72h,float64,0.4078857919782461,5337,True,
no2_lag_1h,float64,0.2067754362111942,1940,True,
no2_lag_3h,float64,0.2124405166553365,1940,True,
no2_lag_6h,float64,0.22093813732154996,1940,True,
no2_lag_12h,float64,0.2379333786539769,1940,True,
no2_lag_24h,float64,0.27192386131883073,1940,True,
no2_lag_48h,float64,0.3399048266485384,1940,True,
no2_lag_72h,float64,0.4078857919782461,1940,True,
so2_lag_1h,float64,0.2067754362111942,1005,True,
so2_lag_3h,float64,0.2124405166553365,1005,True,
so2_lag_6h,float64,0.22093813732154996,1005,True,
so2_lag_12h,float64,0.2379333786539769,1005,True,
so2_lag_24h,float64,0.27192386131883073,1005,True,
so2_lag_48h,float64,0.3399048266485384,1005,True,
so2_lag_72h,float64,0.4078857919782461,1005,True,
o3_lag_1h,float64,0.2067754362111942,417,True,
o3_lag_3h,float64,0.2124405166553365,417,True,
o3_lag_6h,float64,0.22093813732154996,417,True,
o3_lag_12h,float64,0.2379333786539769,417,True,
o3_lag_24h,float64,0.27192386131883073,416,True,
o3_lag_48h,float64,0.3399048266485384,416,True,
o3_lag_72h,float64,0.4078857919782461,416,True,
temperature_lag_1h,float64,0.0028325402220711533,444,True,
temperature_lag_3h,float64,0.00849762066621346,444,True,
temperature_lag_6h,float64,0.01699524133242692,444,True,
temperature_lag_12h,float64,0.03399048266485384,444,True,
temperature_lag_24h,float64,0.06798096532970768,444,True,
humidity_lag_1h,float64,0.0028325402220711533,96,True,
humidity_lag_3h,float64,0.00849762066621346,96,True,
humidity_lag_6h,float64,0.01699524133242692,96,True,
humidity_lag_12h,float64,0.03399048266485384,96,True,
humidity_lag_24h,float64,0.06798096532970768,96,True,
pressure_lag_1h,float64,0.0028325402220711533,882,True,
pressure_lag_3h,float64,0.00849762066621346,882,True,
pressure_lag_6h,float64,0.01699524133242692,882,True,
pressure_lag_12h,float64,0.03399048266485384,882,True,
pressure_lag_24h,float64,0.06798096532970768,882,True,
wind_lag_1h,float64,0.0028325402220711533,421,True,
wind_lag_3h,float64,0.00849762066621346,421,True,
wind_lag_6h,float64,0.01699524133242692,421,True,
wind_lag_12h,float64,0.03399048266485384,421,True,
wind_lag_24h,float64,0.06798096532970768,421,True,
precipitation_lag_1h,float64,0.0028325402220711533,150,True,
precipitation_lag_3h,float64,0.00849762066621346,150,True,
precipitation_lag_6h,float64,0.01699524133242692,150,True,
precipitation_lag_12h,float64,0.03399048266485384,150,True,
precipitation_lag_24h,float64,0.06798096532970768,150,True,
dew_point_lag_1h,float64,0.0028325402220711533,426,True,
dew_point_lag_3h,float64,0.00849762066621346,426,True,
dew_point_lag_6h,float64,0.01699524133242692,426,True,
dew_point_lag_12h,float64,0.03399048266485384,426,True,
dew_point_lag_24h,float64,0.06798096532970768,426,True,
aqi_rolling_mean_3h,float64,0.2757005816149256,933,True,
aqi_rolling_min_3h,float64,0.2757005816149256,352,True,
aqi_rolling_max_3h,float64,0.2757005816149256,356,True,
aqi_rolling_std_3h,float64,0.2804214819850442,64431,True,
aqi_rolling_mean_6h,float64,0.2728680413928544,1730,True,
aqi_rolling_min_6h,float64,0.2728680413928544,347,True,
aqi_rolling_max_6h,float64,0.2728680413928544,355,True,
aqi_rolling_std_6h,float64,0.27758894176297305,91131,True,
aqi_rolling_mean_12h,float64,0.27192386131883073,3216,True,
aqi_rolling_min_12h,float64,0.27192386131883073,337,True,
aqi_rolling_max_12h,float64,0.27192386131883073,354,True,
aqi_rolling_std_12h,float64,0.27475640154090186,98964,True,
aqi_rolling_mean_24h,float64,0.27192386131883073,5745,True,
aqi_rolling_min_24h,float64,0.27192386131883073,315,True,
aqi_rolling_max_24h,float64,0.27192386131883073,347,True,
aqi_rolling_std_24h,float64,0.27475640154090186,101439,True,
aqi_rolling_mean_48h,float64,0.27192386131883073,9882,True,
aqi_rolling_min_48h,float64,0.27192386131883073,281,True,
aqi_rolling_max_48h,float64,0.27192386131883073,328,True,
aqi_rolling_std_48h,float64,0.27475640154090186,102959,True,
aqi_rolling_mean_72h,float64,0.27192386131883073,13391,True,
aqi_rolling_min_72h,float64,0.27192386131883073,264,True,
aqi_rolling_max_72h,float64,0.27192386131883073,323,True,
aqi_rolling_std_72h,float64,0.27475640154090186,103200,True,
aqi_rolling_mean_168h,float64,0.27192386131883073,25232,True,
aqi_rolling_min_168h,float64,0.27192386131883073,234,True,
aqi_rolling_max_168h,float64,0.27192386131883073,318,True,
aqi_rolling_std_168h,float64,0.27475640154090186,103510,True,
pm25_rolling_mean_3h,float64,0.20394289598912305,43664,True,
pm25_rolling_min_3h,float64,0.20394289598912305,1131,True,
pm25_rolling_max_3h,float64,0.20394289598912305,1128,True,
pm25_rolling_std_3h,float64,0.2067754362111942,104569,True,
pm25_rolling_mean_6h,float64,0.20394289598912305,19363,True,
pm25_rolling_min_6h,float64,0.20394289598912305,1097,True,
pm25_rolling_max_6h,float64,0.20394289598912305,1113,True,
pm25_rolling_std_6h,float64,0.2067754362111942,105154,True,
pm25_rolling_mean_12h,float64,0.20394289598912305,29669,True,
pm25_rolling_min_12h,float64,0.20394289598912305,1015,True,
pm25_rolling_max_12h,float64,0.20394289598912305,1089,True,
pm25_rolling_std_12h,float64,0.2067754362111942,105267,True,
pm25_rolling_mean_24h,float64,0.20394289598912305,34251,True,
pm25_rolling_min_24h,float64,0.20394289598912305,810,True,
pm25_rolling_max_24h,float64,0.20394289598912305,1050,True,
pm25_rolling_std_24h,float64,0.2067754362111942,105110,True,
pm25_rolling_mean_48h,float64,0.20394289598912305,47828,True,
pm25_rolling_min_48h,float64,0.20394289598912305,725,True,
pm25_rolling_max_48h,float64,0.20394289598912305,1016,True,
pm25_rolling_std_48h,float64,0.2067754362111942,105278,True,
pm25_rolling_mean_72h,float64,0.20394289598912305,58363,True,
pm25_rolling_min_72h,float64,0.20394289598912305,669,True,
pm25_rolling_max_72h,float64,0.20394289598912305,988,True,
pm25_rolling_std_72h,float64,0.2067754362111942,105287,True,
pm25_rolling_mean_168h,float64,0.20394289598912305,76298,True,
pm25_rolling_min_168h,float64,0.20394289598912305,523,True,
pm25_rolling_max_168h,float64,0.20394289598912305,912,True,
pm25_rolling_std_168h,float64,0.2067754362111942,105344,True,
pm10_rolling_mean_3h,float64,0.20394289598912305,48477,True,
pm10_rolling_min_3h,float64,0.20394289598912305,1297,True,
pm10_rolling_max_3h,float64,0.20394289598912305,1311,True,
pm10_rolling_std_3h,float64,0.2067754362111942,104966,True,
pm10_rolling_mean_6h,float64,0.20394289598912305,28516,True,
pm10_rolling_min_6h,float64,0.20394289598912305,1226,True,
pm10_rolling_max_6h,float64,0.20394289598912305,1288,True,
pm10_rolling_std_6h,float64,0.2067754362111942,105301,True,
pm10_rolling_mean_12h,float64,0.20394289598912305,36707,True,
pm10_rolling_min_12h,float64,0.20394289598912305,1130,True,
pm10_rolling_max_12h,float64,0.20394289598912305,1229,True,
pm10_rolling_std_12h,float64,0.2067754362111942,105394,True,
pm10_rolling_mean_24h,float64,0.20394289598912305,42797,True,
pm10_rolling_min_24h,float64,0.20394289598912305,967,True,
pm10_rolling_max_24h,float64,0.20394289598912305,1138,True,
pm10_rolling_std_24h,float64,0.2067754362111942,105286,True,
pm10_rolling_mean_48h,float64,0.20394289598912305,63066,True,
pm10_rolling_min_48h,float64,0.20394289598912305,874,True,
pm10_rolling_max_48h,float64,0.20394289598912305,1060,True,
pm10_rolling_std_48h,float64,0.2067754362111942,105384,True,
pm10_rolling_mean_72h,float64,0.20394289598912305,68946,True,
pm10_rolling_min_72h,float64,0.20394289598912305,805,True,
pm10_rolling_max_72h,float64,0.20394289598912305,997,True,
pm10_rolling_std_72h,float64,0.2067754362111942,105420,True,
pm10_rolling_mean_168h,float64,0.20394289598912305,84382,True,
pm10_rolling_min_168h,float64,0.20394289598912305,678,True,
pm10_rolling_max_168h,float64,0.20394289598912305,822,True,
pm10_rolling_std_168h,float64,0.2067754362111942,105518,True,
temperature_rolling_mean_3h,float64,0.0,18100,True,
temperature_rolling_min_3h,float64,0.0,433,True,
temperature_rolling_max_3h,float64,0.0,433,True,
temperature_rolling_std_3h,float64,0.0028325402220711533,103615,True,
temperature_rolling_mean_6h,float64,0.0,5702,True,
temperature_rolling_min_6h,float64,0.0,419,True,
temperature_rolling_max_6h,float64,0.0,428,True,
temperature_rolling_std_6h,float64,0.0028325402220711533,105205,True,
temperature_rolling_mean_12h,float64,0.0,7999,True,
temperature_rolling_min_12h,float64,0.0,372,True,
temperature_rolling_max_12h,float64,0.0,414,True,
temperature_rolling_std_12h,float64,0.0028325402220711533,105441,True,
temperature_rolling_mean_24h,float64,0.0,12237,True,
temperature_rolling_min_24h,float64,0.0,314,True,
temperature_rolling_max_24h,float64,0.0,356,True,
temperature_rolling_std_24h,float64,0.0028325402220711533,101786,True,
temperature_rolling_mean_48h,float64,0.0,21533,True,
temperature_rolling_min_48h,float64,0.0,303,True,
temperature_rolling_max_48h,float64,0.0,332,True,
temperature_rolling_std_48h,float64,0.0028325402220711533,102873,True,
temperature_rolling_mean_72h,float64,0.0,29301,True,
temperature_rolling_min_72h,float64,0.0,296,True,
temperature_rolling_max_72h,float64,0.0,323,True,
temperature_rolling_std_72h,float64,0.0028325402220711533,103111,True,
temperature_rolling_mean_168h,float64,0.0,48604,True,
temperature_rolling_min_168h,float64,0.0,284,True,
temperature_rolling_max_168h,float64,0.0,310,True,
temperature_rolling_std_168h,float64,0.0028325402220711533,103850,True,
humidity_rolling_mean_3h,float64,0.0,289,True,
humidity_rolling_min_3h,float64,0.0,96,True,
humidity_rolling_max_3h,float64,0.0,96,True,
humidity_rolling_std_3h,float64,0.0028325402220711533,86894,True,
humidity_rolling_mean_6h,float64,0.0,571,True,
humidity_rolling_min_6h,float64,0.0,96,True,
humidity_rolling_max_6h,float64,0.0,95,True,
humidity_rolling_std_6h,float64,0.0028325402220711533,102893,True,
humidity_rolling_mean_12h,float64,0.0,1111,True,
humidity_rolling_min_12h,float64,0.0,95,True,
humidity_rolling_max_12h,float64,0.0,89,True,
humidity_rolling_std_12h,float64,0.0028325402220711533,104231,True,
humidity_rolling_mean_24h,float64,0.0,2002,True,
humidity_rolling_min_24h,float64,0.0,91,True,
humidity_rolling_max_24h,float64,0.0,81,True,
humidity_rolling_std_24h,float64,0.0028325402220711533,99130,True,
humidity_rolling_mean_48h,float64,0.0,3836,True,
humidity_rolling_min_48h,float64,0.0,87,True,
humidity_rolling_max_48h,float64,0.0,75,True,
humidity_rolling_std_48h,float64,0.0028325402220711533,100590,True,
humidity_rolling_mean_72h,float64,0.0,5632,True,
humidity_rolling_min_72h,float64,0.0,86,True,
humidity_rolling_max_72h,float64,0.0,73,True,
humidity_rolling_std_72h,float64,0.0028325402220711533,101330,True,
humidity_rolling_mean_168h,float64,0.0,12068,True,
humidity_rolling_min_168h,float64,0.0,86,True,
humidity_rolling_max_168h,float64,0.0,64,True,
humidity_rolling_std_168h,float64,0.0028325402220711533,102092,True,
wind_rolling_mean_3h,float64,0.0,14001,True,
wind_rolling_min_3h,float64,0.0,400,True,
wind_rolling_max_3h,float64,0.0,416,True,
wind_rolling_std_3h,float64,0.0028325402220711533,103142,True,
wind_rolling_mean_6h,float64,0.0,9214,True,
wind_rolling_min_6h,float64,0.0,372,True,
wind_rolling_max_6h,float64,0.0,409,True,
wind_rolling_std_6h,float64,0.0028325402220711533,104571,True,
wind_rolling_mean_12h,float64,0.0,8579,True,
wind_rolling_min_12h,float64,0.0,320,True,
wind_rolling_max_12h,float64,0.0,398,True,
wind_rolling_std_12h,float64,0.0028325402220711533,104949,True,
wind_rolling_mean_24h,float64,0.0,13122,True,
wind_rolling_min_24h,float64,0.0,284,True,
wind_rolling_max_24h,float64,0.0,380,True,
wind_rolling_std_24h,float64,0.0028325402220711533,104568,True,
wind_rolling_mean_48h,float64,0.0,18452,True,
wind_rolling_min_48h,float64,0.0,251,True,
wind_rolling_max_48h,float64,0.0,365,True,
wind_rolling_std_48h,float64,0.0028325402220711533,104776,True,
wind_rolling_mean_72h,float64,0.0,23572,True,
wind_rolling_min_72h,float64,0.0,224,True,
wind_rolling_max_72h,float64,0.0,360,True,
wind_rolling_std_72h,float64,0.0028325402220711533,104765,True,
wind_rolling_mean_168h,float64,0.0,37945,True,
wind_rolling_min_168h,float64,0.0,174,True,
wind_rolling_max_168h,float64,0.0,337,True,
wind_rolling_std_168h,float64,0.0028325402220711533,104855,True,
aqi_change_1h,float64,0.2813656620590679,109,True,
aqi_pct_change_1h,float64,0.2813656620590679,5634,True,
aqi_change_3h,float64,0.28891910265125764,212,True,
aqi_pct_change_3h,float64,0.28891910265125764,9745,True,
aqi_change_6h,float64,0.3002492635395423,282,True,
aqi_pct_change_6h,float64,0.3002492635395423,12214,True,
aqi_change_24h,float64,0.35123498753682303,403,True,
aqi_pct_change_24h,float64,0.35123498753682303,12406,True,
pm25_change_1h,float64,0.2067754362111942,3084,True,
pm25_pct_change_1h,float64,0.2067754362111942,46865,True,
pm25_change_3h,float64,0.2124405166553365,5663,True,
pm25_pct_change_3h,float64,0.2124405166553365,65064,True,
pm25_change_6h,float64,0.22093813732154996,7161,True,
pm25_pct_change_6h,float64,0.22093813732154996,73017,True,
pm25_change_24h,float64,0.27192386131883073,6531,True,
pm25_pct_change_24h,float64,0.27192386131883073,69968,True,
pm10_change_1h,float64,0.2067754362111942,3919,True,
pm10_pct_change_1h,float64,0.2067754362111942,57047,True,
pm10_change_6h,float64,0.22093813732154996,9168,True,
pm10_pct_change_6h,float64,0.22093813732154996,84140,True,
pm10_change_24h,float64,0.27192386131883073,9188,True,
pm10_pct_change_24h,float64,0.27192386131883073,82636,True,
temperature_change_1h,float64,0.0028325402220711533,583,True,
temperature_change_6h,float64,0.01699524133242692,1341,True,
temperature_change_24h,float64,0.06798096532970768,922,True,
humidity_change_1h,float64,0.0028325402220711533,84,True,
humidity_change_6h,float64,0.01699524133242692,156,True,
humidity_change_24h,float64,0.06798096532970768,138,True,
pressure_change_3h,float64,0.00849762066621346,170,True,
pressure_change_6h,float64,0.01699524133242692,233,True,
pressure_change_24h,float64,0.06798096532970768,352,True,
wind_change_1h,float64,0.0028325402220711533,1285,True,
wind_change_6h,float64,0.01699524133242692,1633,True,
wind_change_24h,float64,0.06798096532970768,1658,True,
pm25_pm10_ratio,float64,0.20394289598912305,61553,True,
pm25_to_aqi_ratio,float64,0.27758894176297305,39022,True,
pm10_to_aqi_ratio,float64,0.27758894176297305,48120,True,
no2_o3_ratio,float64,2.344399123800891,48963,True,
co_no2_ratio,float64,0.418271772792507,77592,True,
temperature_humidity_interaction,float64,0.0,11882,True,
temperature_pressure_interaction,float64,0.0,67383,True,
humidity_pressure_interaction,float64,0.0,43238,True,
wind_pm25_interaction,float64,0.20394289598912305,39458,True,
wind_pm10_interaction,float64,0.20394289598912305,51377,True,
wind_aqi_interaction,float64,0.27758894176297305,14886,True,
humidity_pm25_interaction,float64,0.20394289598912305,30558,True,
humidity_pm10_interaction,float64,0.20394289598912305,35719,True,
temperature_pm25_interaction,float64,0.20394289598912305,50950,True,
temperature_ozone_interaction,float64,0.20394289598912305,26609,True,
pm25_no2_interaction,float64,0.20394289598912305,68654,True,
wind_direction_sin,float64,0.0,318,True,
wind_direction_cos,float64,0.0,318,True,
wind_speed_squared,float64,0.0,421,True,
calm_wind,int8,0.0,2,True,
low_wind,int8,0.0,2,True,
high_wind,int8,0.0,2,True,
high_pm25,int8,0.0,2,True,
high_pm10,int8,0.0,2,True,
high_no2,int8,0.0,2,True,
high_ozone,int8,0.0,2,True,
aqi_above_100,int8,0.0,2,True,
aqi_above_150,int8,0.0,2,True,
aqi_above_200,int8,0.0,2,True,
consecutive_high_aqi_hours,int32,0.0,3193,True,
consecutive_high_pm25_hours,int32,0.0,1438,True,
